Date,Open,High,Low,Close,Adj Close,Volume
1/4/2016,2,2.1,1.96,2.1,2.1,2373300
1/5/2016,2.11,2.11,2.03,2.06,2.06,957100
1/6/2016,2,2.05,1.99,2.03,2.03,1672700
1/7/2016,1.96,2.01,1.9,1.9,1.9,2754300
1/8/2016,1.94,2.02,1.9,1.92,1.92,1611400
1/11/2016,1.92,1.96,1.78,1.85,1.85,2143400
1/12/2016,1.86,1.92,1.75,1.81,1.81,1813700
1/13/2016,1.87,1.9,1.72,1.75,1.75,2078300
1/14/2016,1.75,1.77,1.61,1.7,1.7,3773500
1/15/2016,1.65,1.67,1.56,1.66,1.66,2716800
1/19/2016,1.67,1.72,1.5,1.53,1.53,2856700
1/20/2016,1.47,1.59,1.3,1.57,1.57,4412600
1/21/2016,1.6,1.75,1.53,1.72,1.72,3233200
1/22/2016,1.79,1.82,1.72,1.82,1.82,2751100
1/25/2016,1.79,1.86,1.73,1.75,1.75,2010600
1/26/2016,1.77,1.82,1.71,1.78,1.78,1787000
1/27/2016,1.83,1.88,1.76,1.85,1.85,2298200
1/28/2016,1.92,1.94,1.71,1.77,1.77,3598100
1/29/2016,1.81,1.87,1.78,1.87,1.87,1968100
2/1/2016,1.9,1.9,1.76,1.79,1.79,1474500
2/2/2016,1.73,1.74,1.66,1.67,1.67,1649300
2/3/2016,1.7,1.71,1.6,1.68,1.68,1274700
2/4/2016,1.7,1.75,1.66,1.72,1.72,1105800
2/5/2016,1.7,1.74,1.67,1.68,1.68,781700
2/8/2016,1.65,1.68,1.6,1.61,1.61,1123300
2/9/2016,1.58,1.63,1.55,1.56,1.56,1596800
2/10/2016,1.56,1.67,1.55,1.62,1.62,1093000
2/11/2016,1.57,1.62,1.55,1.61,1.61,1097400
2/12/2016,1.64,1.69,1.6,1.67,1.67,1567900
2/16/2016,1.7,1.75,1.7,1.74,1.74,1281000
2/17/2016,1.75,1.89,1.75,1.83,1.83,3766100
2/18/2016,1.85,1.87,1.77,1.79,1.79,1157600
2/19/2016,1.8,1.81,1.73,1.75,1.75,853500
2/22/2016,1.8,1.88,1.77,1.84,1.84,1977500
2/23/2016,1.79,1.87,1.79,1.82,1.82,794500
2/24/2016,1.83,1.86,1.76,1.86,1.86,1404100
2/25/2016,1.86,1.94,1.83,1.92,1.92,1688000
2/26/2016,1.92,2.07,1.92,2.02,2.02,3145000
2/29/2016,2.05,2.13,2.03,2.08,2.08,1820900
3/1/2016,2.1,2.14,2.05,2.07,2.07,1167000
3/2/2016,2.07,2.13,2.05,2.13,2.13,1298800
3/3/2016,2.13,2.23,2.12,2.22,2.22,2507500
3/4/2016,2.25,2.25,2.08,2.11,2.11,2855600
3/7/2016,2.02,2.06,1.9,1.98,1.98,4740200
3/8/2016,1.95,2.02,1.91,1.95,1.95,1720000
3/9/2016,1.98,1.99,1.9,1.9,1.9,2131100
3/10/2016,2.09,2.2,2.01,2.04,2.04,7387800
3/11/2016,2.1,2.11,2,2.04,2.04,2399200
3/14/2016,2.03,2.03,1.96,2,2,1631800
3/15/2016,1.99,2,1.92,1.93,1.93,1522100
3/16/2016,1.94,2.02,1.93,2.01,2.01,1543600
3/17/2016,2.01,2.09,2.01,2.04,2.04,2322200
3/18/2016,2.09,2.09,2.04,2.08,2.08,1752300
3/21/2016,2.05,2.11,2.05,2.07,2.07,1081900
3/22/2016,2.07,2.11,2.04,2.08,2.08,1087900
3/23/2016,2.06,2.08,1.94,1.95,1.95,3198400
3/24/2016,1.94,2.03,1.92,2.02,2.02,1515500
3/28/2016,2.02,2.03,1.95,2.01,2.01,969300
3/29/2016,2,2.14,1.96,2.08,2.08,5340700
3/30/2016,2.08,2.11,2.03,2.07,2.07,1795400
3/31/2016,2.08,2.1,2.03,2.05,2.05,935800
4/1/2016,2.05,2.06,2,2.04,2.04,788900
4/4/2016,2.02,2.07,2,2.03,2.03,700400
4/5/2016,2,2.04,1.98,2,2,1140800
4/6/2016,2,2.05,1.99,2.03,2.03,1037400
4/7/2016,2.01,2.06,1.99,2.01,2.01,946700
4/8/2016,2.02,2.05,1.98,2,2,1295000
4/11/2016,2,2.04,1.99,2.01,2.01,629900
4/12/2016,2,2.08,1.99,2.05,2.05,1657000
4/13/2016,2.04,2.09,2.02,2.05,2.05,1841400
4/14/2016,2.08,2.14,2.06,2.12,2.12,2086600
4/15/2016,2.13,2.19,2.09,2.11,2.11,2037900
4/18/2016,2.1,2.16,2.07,2.12,2.12,1346400
4/19/2016,2.11,2.14,2.08,2.1,2.1,850100
4/20/2016,2.11,2.17,2.08,2.13,2.13,1386600
4/21/2016,2.13,2.17,2.12,2.15,2.15,1195300
4/22/2016,2.15,2.25,2.15,2.22,2.22,2383400
4/25/2016,2.24,2.28,2.13,2.15,2.15,2582700
4/26/2016,2.15,2.22,2.11,2.14,2.14,1120500
4/27/2016,2.13,2.16,2.08,2.13,2.13,1226300
4/28/2016,2.11,2.12,2.04,2.05,2.05,1847800
4/29/2016,2.05,2.09,2.01,2.06,2.06,1599100
5/2/2016,2.04,2.08,2.01,2.05,2.05,896900
5/3/2016,2.04,2.04,1.99,2.01,2.01,1554400
5/4/2016,2.01,2.03,1.94,2.01,2.01,1752500
5/5/2016,2.02,2.02,1.92,1.93,1.93,1346900
5/6/2016,1.98,1.99,1.9,1.92,1.92,1610700
5/9/2016,1.9,1.96,1.9,1.93,1.93,1473400
5/10/2016,1.88,1.9,1.74,1.86,1.86,3140100
5/11/2016,1.81,1.87,1.81,1.85,1.85,874200
5/12/2016,1.84,1.85,1.77,1.8,1.8,1182400
5/13/2016,1.82,1.85,1.77,1.79,1.79,985800
5/16/2016,1.79,1.84,1.78,1.81,1.81,1181500
5/17/2016,1.8,1.84,1.76,1.79,1.79,1092000
5/18/2016,1.78,1.81,1.75,1.76,1.76,947800
5/19/2016,1.75,1.77,1.71,1.71,1.71,1017500
5/20/2016,1.71,1.74,1.65,1.68,1.68,2326600
5/23/2016,1.68,1.78,1.68,1.76,1.76,1241800
5/24/2016,1.77,1.82,1.72,1.75,1.75,1315200
5/25/2016,1.75,1.78,1.73,1.78,1.78,757500
5/26/2016,1.78,1.82,1.78,1.79,1.79,810300
5/27/2016,1.8,1.84,1.77,1.82,1.82,640800
5/31/2016,1.81,1.95,1.79,1.92,1.92,1793700
6/1/2016,1.91,1.92,1.82,1.87,1.87,1669400
6/2/2016,1.83,1.89,1.83,1.85,1.85,868800
6/3/2016,1.84,1.91,1.84,1.91,1.91,770000
6/6/2016,1.91,1.95,1.91,1.95,1.95,1206700
6/7/2016,1.95,2.04,1.9,1.92,1.92,3697500
6/8/2016,1.91,1.95,1.89,1.92,1.92,980700
6/9/2016,1.9,1.9,1.85,1.85,1.85,950600
6/10/2016,1.85,1.85,1.8,1.8,1.8,749000
6/13/2016,1.8,1.82,1.75,1.76,1.76,1068000
6/14/2016,1.75,1.78,1.72,1.73,1.73,1550900
6/15/2016,1.72,1.81,1.72,1.75,1.75,775800
6/16/2016,1.73,1.77,1.73,1.75,1.75,784400
6/17/2016,1.74,1.77,1.73,1.75,1.75,1047800
6/20/2016,1.75,1.81,1.75,1.8,1.8,1334600
6/21/2016,1.78,1.82,1.75,1.77,1.77,2083400
6/22/2016,1.76,1.78,1.73,1.73,1.73,2333100
6/23/2016,1.76,1.8,1.73,1.75,1.75,1684100
6/24/2016,1.71,1.73,1.66,1.71,1.71,3282500
6/27/2016,1.68,1.7,1.6,1.64,1.64,2611400
6/28/2016,1.69,1.78,1.69,1.76,1.76,2060400
6/29/2016,1.76,1.84,1.75,1.82,1.82,1570900
6/30/2016,1.82,1.87,1.79,1.86,1.86,1583500
7/1/2016,1.86,1.9,1.83,1.86,1.86,1184500
7/5/2016,1.85,1.85,1.74,1.76,1.76,1135000
7/6/2016,1.71,1.75,1.7,1.7,1.7,2233700
7/7/2016,1.7,1.75,1.67,1.69,1.69,1339100
7/8/2016,1.7,1.76,1.7,1.73,1.73,2483400
7/11/2016,1.71,1.76,1.71,1.73,1.73,1272500
7/12/2016,1.76,1.77,1.73,1.76,1.76,1396800
7/13/2016,1.76,1.77,1.73,1.74,1.74,1205100
7/14/2016,1.75,1.77,1.73,1.73,1.73,778400
7/15/2016,1.73,1.74,1.66,1.68,1.68,2463100
7/18/2016,1.74,1.78,1.7,1.77,1.77,3243300
7/19/2016,1.92,1.95,1.8,1.8,1.8,5193400
7/20/2016,1.82,1.84,1.76,1.79,1.79,2407400
7/21/2016,1.8,1.85,1.77,1.78,1.78,1023500
7/22/2016,1.78,1.8,1.75,1.79,1.79,835700
7/25/2016,1.79,1.85,1.77,1.82,1.82,2240600
7/26/2016,1.84,1.87,1.78,1.82,1.82,1585600
7/27/2016,1.82,1.84,1.79,1.79,1.79,1250200
7/28/2016,1.79,1.81,1.75,1.76,1.76,1303900
7/29/2016,1.79,1.81,1.75,1.79,1.79,1798700
8/1/2016,1.8,1.85,1.76,1.76,1.76,2223900
8/2/2016,1.76,1.8,1.7,1.72,1.72,1416100
8/3/2016,1.72,1.76,1.71,1.72,1.72,1507800
8/4/2016,1.8,1.8,1.7,1.7,1.7,2528400
8/5/2016,1.7,1.75,1.7,1.71,1.71,1436600
8/8/2016,1.73,1.74,1.72,1.74,1.74,788300
8/9/2016,1.74,1.76,1.72,1.72,1.72,588000
8/10/2016,1.72,1.73,1.7,1.7,1.7,681400
8/11/2016,1.7,1.72,1.68,1.69,1.69,1007300
8/12/2016,1.69,1.71,1.68,1.69,1.69,719800
8/15/2016,1.68,1.7,1.68,1.69,1.69,1201900
8/16/2016,1.7,1.7,1.65,1.65,1.65,1927200
8/17/2016,1.65,1.7,1.65,1.67,1.67,1888900
8/18/2016,1.7,1.74,1.69,1.7,1.7,1168300
8/19/2016,1.7,1.71,1.67,1.67,1.67,765500
8/22/2016,1.67,1.7,1.65,1.68,1.68,1550500
8/23/2016,1.69,1.71,1.68,1.69,1.69,1127900
8/24/2016,1.7,1.71,1.65,1.66,1.66,2590000
8/25/2016,1.66,1.69,1.65,1.65,1.65,1440900
8/26/2016,1.66,1.68,1.64,1.67,1.67,916100
8/29/2016,1.75,1.75,1.64,1.66,1.66,2043200
8/30/2016,1.68,1.68,1.55,1.56,1.56,2051400
8/31/2016,1.57,1.6,1.51,1.55,1.55,2572900
9/1/2016,1.55,1.58,1.5,1.54,1.54,2476300
9/2/2016,1.54,1.56,1.5,1.51,1.51,1645100
9/6/2016,1.51,1.53,1.5,1.51,1.51,1141300
9/7/2016,1.51,1.53,1.4,1.42,1.42,2855300
9/8/2016,1.44,1.47,1.37,1.45,1.45,2320700
9/9/2016,1.46,1.47,1.36,1.37,1.37,2792500
9/12/2016,1.37,1.42,1.34,1.42,1.42,2054100
9/13/2016,1.42,1.43,1.36,1.36,1.36,2722100
9/14/2016,1.4,1.42,1.36,1.37,1.37,2559100
9/15/2016,1.39,1.44,1.37,1.44,1.44,2068900
9/16/2016,1.45,1.47,1.4,1.44,1.44,3267900
9/19/2016,1.45,1.5,1.43,1.5,1.5,1491700
9/20/2016,1.58,1.69,1.5,1.69,1.69,3748200
9/21/2016,1.7,1.71,1.6,1.68,1.68,3212900
9/22/2016,1.7,1.7,1.64,1.65,1.65,2664000
9/23/2016,1.65,1.66,1.58,1.63,1.63,1641100
9/26/2016,1.62,1.67,1.61,1.64,1.64,1364500
9/27/2016,1.65,1.68,1.64,1.66,1.66,1555600
9/28/2016,1.66,1.71,1.65,1.7,1.7,2098900
9/29/2016,1.71,1.75,1.66,1.69,1.69,2943200
9/30/2016,1.7,1.72,1.67,1.71,1.71,1450700
10/3/2016,1.7,1.76,1.68,1.74,1.74,2147000
10/4/2016,1.73,1.75,1.69,1.74,1.74,1328100
10/5/2016,1.73,1.75,1.69,1.74,1.74,1859300
10/6/2016,1.74,1.74,1.7,1.72,1.72,615200
10/7/2016,1.71,1.72,1.65,1.67,1.67,973000
10/10/2016,1.69,1.69,1.65,1.69,1.69,690500
10/11/2016,1.7,1.71,1.64,1.65,1.65,1104800
10/12/2016,1.66,1.69,1.65,1.65,1.65,761200
10/13/2016,1.65,1.66,1.61,1.64,1.64,868100
10/14/2016,1.62,1.64,1.55,1.56,1.56,1534200
10/17/2016,1.55,1.56,1.49,1.52,1.52,1312400
10/18/2016,1.52,1.58,1.49,1.54,1.54,926100
10/19/2016,1.53,1.58,1.52,1.56,1.56,746700
10/20/2016,1.56,1.57,1.53,1.55,1.55,735800
10/21/2016,1.54,1.63,1.54,1.62,1.62,1211000
10/24/2016,1.68,1.69,1.61,1.62,1.62,1275400
10/25/2016,1.61,1.64,1.57,1.57,1.57,1268100
10/26/2016,1.57,1.63,1.56,1.58,1.58,1013600
10/27/2016,1.58,1.6,1.55,1.56,1.56,813500
10/28/2016,1.55,1.59,1.55,1.58,1.58,657200
10/31/2016,1.59,1.59,1.53,1.53,1.53,871100
11/1/2016,1.51,1.54,1.5,1.53,1.53,1069700
11/2/2016,1.51,1.52,1.48,1.48,1.48,918200
11/3/2016,1.49,1.51,1.46,1.48,1.48,1056100
11/4/2016,1.45,1.49,1.42,1.42,1.42,1870200
11/7/2016,1.36,1.37,1.21,1.26,1.26,6431300
11/8/2016,1.25,1.27,1.23,1.26,1.26,3077400
11/9/2016,1.2,1.27,1.18,1.25,1.25,5189500
11/10/2016,1.25,1.38,1.24,1.35,1.35,4730900
11/11/2016,1.39,1.47,1.35,1.47,1.47,4264700
11/14/2016,1.48,1.55,1.47,1.51,1.51,4579300
11/15/2016,1.53,1.55,1.37,1.45,1.45,3544400
11/16/2016,1.44,1.51,1.42,1.48,1.48,3075300
11/17/2016,1.56,1.58,1.51,1.51,1.51,8362300
11/18/2016,1.52,1.54,1.47,1.48,1.48,4769800
11/21/2016,1.47,1.53,1.42,1.46,1.46,2423500
11/22/2016,1.45,1.45,1.32,1.41,1.41,8058400
11/23/2016,1.4,1.43,1.37,1.4,1.4,3588800
11/25/2016,1.39,1.47,1.38,1.44,1.44,1462200
11/28/2016,1.45,1.45,1.4,1.4,1.4,1726900
11/29/2016,1.39,1.4,1.36,1.38,1.38,3842100
11/30/2016,1.4,1.42,1.36,1.37,1.37,2173200
12/1/2016,1.37,1.45,1.33,1.42,1.42,6473500
12/2/2016,1.43,1.45,1.38,1.43,1.43,5641500
12/5/2016,1.43,1.51,1.41,1.47,1.47,4856300
12/6/2016,1.54,1.57,1.51,1.53,1.53,5052200
12/7/2016,1.53,1.6,1.5,1.56,1.56,6974500
12/8/2016,1.55,1.59,1.53,1.53,1.53,3980100
12/9/2016,1.51,1.55,1.42,1.43,1.43,4703000
12/12/2016,1.43,1.45,1.36,1.37,1.37,3890200
12/13/2016,1.37,1.43,1.32,1.34,1.34,3913700
12/14/2016,1.43,1.43,1.29,1.37,1.37,4148700
12/15/2016,1.35,1.39,1.31,1.38,1.38,3702400
12/16/2016,1.38,1.39,1.32,1.32,1.32,3499700
12/19/2016,1.28,1.39,1.26,1.36,1.36,4691300
12/20/2016,1.39,1.39,1.31,1.33,1.33,3263000
12/21/2016,1.31,1.36,1.3,1.31,1.31,4691700
12/22/2016,1.3,1.32,1.26,1.26,1.26,2432000
12/23/2016,1.38,1.38,1.24,1.27,1.27,1456100
12/27/2016,1.27,1.3,1.26,1.3,1.3,1756100
12/28/2016,1.28,1.3,1.26,1.28,1.28,2176100
12/29/2016,1.27,1.28,1.2,1.22,1.22,5526400
12/30/2016,1.25,1.26,1.18,1.2,1.2,4381700
1/3/2017,1.2,1.23,1.19,1.21,1.21,2075600
1/4/2017,1.21,1.3,1.2,1.3,1.3,2930500
1/5/2017,1.3,1.32,1.26,1.26,1.26,3506400
1/6/2017,1.28,1.29,1.25,1.25,1.25,1861100
1/9/2017,1.26,1.27,1.22,1.25,1.25,1386100
1/10/2017,1.25,1.26,1.22,1.24,1.24,2251800
1/11/2017,1.24,1.28,1.23,1.26,1.26,2079400
1/12/2017,1.26,1.26,1.22,1.23,1.23,2321900
1/13/2017,1.22,1.25,1.22,1.25,1.25,997000
1/17/2017,1.24,1.25,1.22,1.25,1.25,2523800
1/18/2017,1.23,1.26,1.22,1.23,1.23,2268800
1/19/2017,1.22,1.24,1.18,1.18,1.18,3567100
1/20/2017,1.19,1.2,1.18,1.18,1.18,1242200
1/23/2017,1.18,1.19,1.1,1.14,1.14,3360900
1/24/2017,1.16,1.2,1.14,1.16,1.16,7151600
1/25/2017,1.16,1.19,1.11,1.13,1.13,4805500
1/26/2017,1.13,1.15,1.12,1.13,1.13,3225500
1/27/2017,1.13,1.14,1.11,1.12,1.12,2417200
1/30/2017,1.11,1.13,1.03,1.06,1.06,5323900
1/31/2017,1.06,1.09,1.02,1.06,1.06,8780300
2/1/2017,1.06,1.07,1,1.02,1.02,11647300
2/2/2017,1.01,1.02,0.91,0.92,0.92,5960000
2/3/2017,0.95,0.95,0.93,0.94,0.94,2321900
2/6/2017,0.94,0.95,0.93,0.93,0.93,2331100
2/7/2017,0.93,0.93,0.9,0.9,0.9,2213000
2/8/2017,0.91,0.92,0.86,0.88,0.88,3716500
2/9/2017,0.85,0.88,0.83,0.85,0.85,3934500
2/10/2017,0.85,1.23,0.84,1.18,1.18,24708600
2/13/2017,1.3,1.31,1.06,1.1,1.1,24623800
2/14/2017,1.1,1.17,1.03,1.11,1.11,13293200
2/15/2017,1.1,1.13,1.07,1.08,1.08,14201800
2/16/2017,1.08,1.17,1.06,1.14,1.14,14991300
2/17/2017,1.15,1.15,1.07,1.11,1.11,20562600
2/21/2017,1.12,1.2,1.1,1.16,1.16,16962100
2/22/2017,1.15,1.22,1.14,1.17,1.17,12626700
2/23/2017,1.2,1.26,1.17,1.2,1.2,18246800
2/24/2017,1.2,1.25,1.1,1.13,1.13,14348300
2/27/2017,1.12,1.13,1.05,1.1,1.1,12965400
2/28/2017,1.05,1.09,1.05,1.08,1.08,7328400
3/1/2017,1.09,1.1,1.05,1.07,1.07,7412600
3/2/2017,1.06,1.08,1.05,1.07,1.07,4941800
3/3/2017,1.05,1.08,1.05,1.07,1.07,2112000
3/6/2017,1.06,1.07,1.03,1.05,1.05,2847000
3/7/2017,1.06,1.07,1.04,1.07,1.07,3455900
3/8/2017,1.06,1.07,1.04,1.06,1.06,4102200
3/9/2017,1,1,0.92,0.95,0.95,4006200
3/10/2017,0.95,1.01,0.95,1.01,1.01,2090400
3/13/2017,1.01,1.01,0.98,1,1,1308800
3/14/2017,1,1.03,0.96,1.03,1.03,2660000
3/15/2017,1.02,1.04,1,1.03,1.03,4747700
3/16/2017,1.03,1.12,1.03,1.12,1.12,6778400
3/17/2017,1.13,1.2,1.11,1.2,1.2,8019400
3/20/2017,1.2,1.22,1.18,1.22,1.22,4535900
3/21/2017,1.22,1.22,1.17,1.19,1.19,4232100
3/22/2017,1.18,1.21,1.16,1.2,1.2,3284500
3/23/2017,1.19,1.38,1.19,1.28,1.28,16509800
3/24/2017,1.27,1.38,1.27,1.36,1.36,6103900
3/27/2017,1.32,1.43,1.31,1.4,1.4,5596700
3/28/2017,1.44,1.5,1.41,1.5,1.5,5899800
3/29/2017,1.5,1.52,1.38,1.48,1.48,5266200
3/30/2017,1.48,1.52,1.45,1.46,1.46,2930700
3/31/2017,1.47,1.47,1.33,1.38,1.38,4749400
4/3/2017,1.37,1.37,1.31,1.32,1.32,2948900
4/4/2017,1.3,1.32,1.25,1.3,1.3,2369000
4/5/2017,2.38,2.4,1.91,2.25,2.25,137143200
4/6/2017,2.38,2.4,2.02,2.14,2.14,40948100
4/7/2017,2.08,2.15,2,2.03,2.03,13970200
4/10/2017,2.05,2.48,1.97,2.45,2.45,45650700
4/11/2017,2.42,2.7,2.38,2.64,2.64,46783800
4/12/2017,2.63,2.64,2.3,2.32,2.32,23472700
4/13/2017,2.28,2.38,2.2,2.24,2.24,13177500
4/17/2017,2.29,2.31,2.13,2.29,2.29,12477000
4/18/2017,2.26,2.27,2.18,2.25,2.25,7283800
4/19/2017,2.26,2.29,2.2,2.22,2.22,6301900
4/20/2017,2.21,2.28,2.16,2.22,2.22,8757500
4/21/2017,2.22,2.24,2.07,2.12,2.12,9721900
4/24/2017,2.15,2.22,2.07,2.17,2.17,8613900
4/25/2017,2.19,2.38,2.19,2.31,2.31,15306700
4/26/2017,2.33,2.43,2.26,2.34,2.34,12686900
4/27/2017,2.35,2.38,2.26,2.33,2.33,7456900
4/28/2017,2.33,2.34,2.21,2.24,2.24,11325300
5/1/2017,2.26,2.35,2.23,2.3,2.3,6536500
5/2/2017,2.3,2.31,2.2,2.27,2.27,10354000
5/3/2017,2.26,2.3,2.21,2.21,2.21,10769300
5/4/2017,2.2,2.23,2.1,2.14,2.14,10122500
5/5/2017,2.14,2.3,2.11,2.29,2.29,11425400
5/8/2017,2.29,2.33,2.22,2.26,2.26,11494000
5/9/2017,2.01,2.14,1.98,2.09,2.09,14269400
5/10/2017,2.06,2.17,2.05,2.15,2.15,7740700
5/11/2017,2.17,2.19,2.05,2.06,2.06,8809300
5/12/2017,2.07,2.1,2.02,2.07,2.07,6238200
5/15/2017,2.08,2.09,2.04,2.07,2.07,4800600
5/16/2017,2.07,2.07,2.02,2.04,2.04,4303500
5/17/2017,1.88,1.96,1.72,1.76,1.76,17266200
5/18/2017,1.75,1.95,1.73,1.94,1.94,7618800
5/19/2017,1.93,1.97,1.89,1.9,1.9,4748100
5/22/2017,1.9,1.94,1.85,1.94,1.94,3758700
5/23/2017,1.93,1.95,1.87,1.91,1.91,3511500
5/24/2017,1.87,1.94,1.85,1.87,1.87,4039900
5/25/2017,1.87,1.94,1.86,1.88,1.88,5465900
5/26/2017,1.88,1.93,1.86,1.9,1.9,5703900
5/30/2017,1.88,1.9,1.83,1.85,1.85,3617500
5/31/2017,1.85,1.88,1.81,1.86,1.86,3402400
6/1/2017,1.86,1.88,1.83,1.86,1.86,2808900
6/2/2017,1.86,1.94,1.85,1.93,1.93,4754900
6/5/2017,1.93,1.94,1.84,1.85,1.85,4617700
6/6/2017,1.84,1.9,1.81,1.86,1.86,5056100
6/7/2017,1.85,2.1,1.82,2.07,2.07,13965600
6/8/2017,2.1,2.19,2.03,2.14,2.14,9643000
6/9/2017,2.15,2.17,1.97,2.04,2.04,8024400
6/12/2017,2.01,2.15,2,2.14,2.14,7114000
6/13/2017,2.15,2.16,2.08,2.11,2.11,5736800
6/14/2017,2.11,2.12,2.04,2.08,2.08,5012000
6/15/2017,2.08,2.16,2.05,2.05,2.05,6216600
6/16/2017,2.04,2.28,2.03,2.23,2.23,14419600
6/19/2017,2.28,2.39,2.17,2.25,2.25,12286100
6/20/2017,2.25,2.28,2.18,2.19,2.19,3825600
6/21/2017,2.18,2.25,2.12,2.15,2.15,3392800
6/22/2017,2.18,2.22,2.13,2.21,2.21,3856100
6/23/2017,2.2,2.25,2.18,2.25,2.25,7967800
6/26/2017,2.25,2.27,2.18,2.18,2.18,4036500
6/27/2017,2.18,2.23,2.15,2.15,2.15,3922500
6/28/2017,2.15,2.21,2.12,2.13,2.13,4674900
6/29/2017,2.15,2.17,2.02,2.06,2.06,7325500
6/30/2017,2.08,2.08,2.02,2.04,2.04,2628800
7/3/2017,2.03,2.07,2.02,2.05,2.05,1282500
7/5/2017,2.03,2.05,2,2.01,2.01,2713400
7/6/2017,2.01,2.13,2,2.07,2.07,4146900
7/7/2017,2.05,2.1,2.02,2.03,2.03,2605900
7/10/2017,2.03,2.09,2.01,2.03,2.03,1946800
7/11/2017,2.01,2.07,2.01,2.03,2.03,1726500
7/12/2017,2.03,2.09,2.03,2.06,2.06,2166700
7/13/2017,2.05,2.12,2.03,2.09,2.09,2713800
7/14/2017,2.08,2.12,2.07,2.08,2.08,2096200
7/17/2017,2.06,2.11,2.06,2.08,2.08,1471800
7/18/2017,2.06,2.09,2.05,2.07,2.07,1537000
7/19/2017,2.06,2.15,2.06,2.13,2.13,2767200
7/20/2017,2.13,2.15,2.1,2.12,2.12,1703500
7/21/2017,2.47,2.52,2.27,2.44,2.44,31866300
7/24/2017,2.45,2.47,2.31,2.37,2.37,8763000
7/25/2017,2.42,2.42,2.3,2.32,2.32,5830600
7/26/2017,2.33,2.39,2.31,2.33,2.33,3980400
7/27/2017,2.35,2.36,2.2,2.25,2.25,5195300
7/28/2017,2.25,2.35,2.22,2.3,2.3,4483500
7/31/2017,2.32,2.32,2.23,2.26,2.26,2887900
8/1/2017,2.27,2.34,2.24,2.31,2.31,3417700
8/2/2017,2.3,2.31,2.23,2.24,2.24,3452300
8/3/2017,2.24,2.29,2.2,2.25,2.25,3020400
8/4/2017,2.25,2.29,2.24,2.25,2.25,1984500
8/7/2017,2.27,2.42,2.26,2.38,2.38,7078700
8/8/2017,2.2,2.32,2.14,2.17,2.17,10957100
8/9/2017,2.12,2.17,2.08,2.14,2.14,3036600
8/10/2017,2.12,2.14,2,2,2,6305100
8/11/2017,2,2.07,1.98,2.06,2.06,4507300
8/14/2017,2.07,2.16,2.07,2.13,2.13,3394100
8/15/2017,2.15,2.16,2.07,2.09,2.09,2039100
8/16/2017,2.14,2.14,2.06,2.08,2.08,2121300
8/17/2017,2.06,2.09,2.02,2.04,2.04,2263800
8/18/2017,2.02,2.12,2.01,2.12,2.12,2800100
8/21/2017,2.12,2.12,2.05,2.11,2.11,2137100
8/22/2017,2.1,2.19,2.09,2.16,2.16,3570500
8/23/2017,2.13,2.17,2.12,2.13,2.13,1390300
8/24/2017,2.12,2.18,2.1,2.17,2.17,1533500
8/25/2017,2.17,2.2,2.14,2.16,2.16,1667200
8/28/2017,2.16,2.19,2.14,2.17,2.17,1822200
8/29/2017,2.15,2.18,2.13,2.16,2.16,1891900
8/30/2017,2.14,2.16,2.12,2.13,2.13,1670800
8/31/2017,2.13,2.16,2.13,2.14,2.14,1837000
9/1/2017,2.14,2.2,2.14,2.19,2.19,2007200
9/5/2017,2.18,2.18,2.09,2.11,2.11,2850000
9/6/2017,2.1,2.16,2.1,2.14,2.14,1935000
9/7/2017,2.14,2.19,2.11,2.17,2.17,2885200
9/8/2017,2.15,2.18,2.13,2.13,2.13,1602000
9/11/2017,2.14,2.17,2.12,2.17,2.17,1919000
9/12/2017,2.18,2.19,2.15,2.17,2.17,2020200
9/13/2017,2.18,2.38,2.18,2.35,2.35,11541900
9/14/2017,2.39,2.4,2.21,2.23,2.23,5310400
9/15/2017,2.22,2.25,2.17,2.25,2.25,6257400
9/18/2017,2.25,2.47,2.25,2.47,2.47,11444000
9/19/2017,2.47,2.54,2.38,2.41,2.41,9290800
9/20/2017,2.41,2.75,2.41,2.74,2.74,20697700
9/21/2017,2.78,2.82,2.42,2.47,2.47,18384600
9/22/2017,2.51,2.63,2.49,2.57,2.57,5291200
9/25/2017,2.6,2.72,2.54,2.6,2.6,8682400
9/26/2017,2.61,2.64,2.51,2.6,2.6,5137200
9/27/2017,2.6,2.66,2.58,2.65,2.65,3908300
9/28/2017,2.67,2.68,2.55,2.62,2.62,4146100
9/29/2017,2.62,2.65,2.59,2.61,2.61,3153600
10/2/2017,2.61,2.85,2.59,2.75,2.75,10568300
10/3/2017,2.79,2.82,2.76,2.79,2.79,3855500
10/4/2017,2.81,2.89,2.7,2.77,2.77,8842200
10/5/2017,2.77,2.9,2.73,2.85,2.85,5565400
10/6/2017,2.93,3.06,2.89,2.97,2.97,12695300
10/9/2017,3.04,3.07,2.85,2.87,2.87,8817000
10/10/2017,2.92,2.93,2.75,2.91,2.91,6861700
10/11/2017,2.94,2.95,2.75,2.79,2.79,7703700
10/12/2017,2.78,2.9,2.71,2.87,2.87,5473500
10/13/2017,2.89,2.9,2.78,2.8,2.8,4083200
10/16/2017,2.8,2.87,2.75,2.77,2.77,3310300
10/17/2017,2.74,2.79,2.65,2.67,2.67,4039400
10/18/2017,2.66,2.69,2.54,2.55,2.55,5718700
10/19/2017,2.53,2.56,2.43,2.53,2.53,5000500
10/20/2017,2.55,2.73,2.53,2.7,2.7,4986900
10/23/2017,2.77,2.79,2.65,2.66,2.66,4284800
10/24/2017,2.73,2.77,2.68,2.71,2.71,3209900
10/25/2017,2.72,2.72,2.57,2.67,2.67,3739700
10/26/2017,2.65,2.75,2.63,2.69,2.69,3088500
10/27/2017,2.75,2.8,2.72,2.75,2.75,4500000
10/30/2017,2.75,2.78,2.71,2.73,2.73,3033400
10/31/2017,2.9,2.94,2.81,2.85,2.85,8156500
11/1/2017,2.9,2.9,2.76,2.82,2.82,3763100
11/2/2017,2.84,2.95,2.8,2.89,2.89,5696500
11/3/2017,2.91,2.91,2.84,2.87,2.87,4193100
11/6/2017,2.88,3.15,2.88,3.15,3.15,8571200
11/7/2017,3.19,3.21,2.98,3.06,3.06,8403600
11/8/2017,2.8,2.87,2.57,2.58,2.58,15844300
11/9/2017,2.55,2.56,2.43,2.51,2.51,7956300
11/10/2017,2.53,2.62,2.52,2.55,2.55,4035400
11/13/2017,2.57,2.59,2.4,2.42,2.42,7565900
11/14/2017,2.42,2.44,2.17,2.28,2.28,9594400
11/15/2017,2.25,2.28,2.17,2.25,2.25,3759800
11/16/2017,2.27,2.39,2.27,2.31,2.31,4516600
11/17/2017,2.31,2.36,2.27,2.32,2.32,2959300
11/20/2017,2.35,2.4,2.32,2.38,2.38,2480400
11/21/2017,2.41,2.52,2.41,2.47,2.47,5670300
11/22/2017,2.49,2.51,2.35,2.39,2.39,3952600
11/24/2017,2.38,2.44,2.37,2.39,2.39,1358300
11/27/2017,2.38,2.44,2.31,2.33,2.33,3325200
11/28/2017,2.32,2.36,2.28,2.35,2.35,2787300
11/29/2017,2.36,2.42,2.26,2.29,2.29,2873100
11/30/2017,2.32,2.38,2.29,2.37,2.37,3301600
12/1/2017,2.42,2.55,2.38,2.51,2.51,8569100
12/4/2017,2.58,2.59,2.36,2.36,2.36,4707500
12/5/2017,2.35,2.42,2.3,2.33,2.33,2949600
12/6/2017,2.36,2.38,2.3,2.34,2.34,2717900
12/7/2017,2.34,2.44,2.33,2.38,2.38,3182900
12/8/2017,2.39,2.47,2.39,2.41,2.41,3769400
12/11/2017,2.43,2.46,2.4,2.43,2.43,2140500
12/12/2017,2.41,2.47,2.36,2.38,2.38,4197800
12/13/2017,2.38,2.41,2.36,2.39,2.39,2050400
12/14/2017,2.36,2.42,2.31,2.32,2.32,3361900
12/15/2017,2.35,2.39,2.32,2.36,2.36,3728400
12/18/2017,2.37,2.4,2.35,2.38,2.38,2812000
12/19/2017,2.39,2.43,2.36,2.42,2.42,3895700
12/20/2017,2.42,2.47,2.38,2.41,2.41,3338400
12/21/2017,2.42,2.48,2.41,2.46,2.46,3146500
12/22/2017,2.47,2.47,2.41,2.42,2.42,2384200
12/26/2017,2.41,2.45,2.37,2.4,2.4,2714200
12/27/2017,2.4,2.47,2.4,2.41,2.41,1800300
12/28/2017,2.43,2.45,2.4,2.43,2.43,2778300
12/29/2017,2.43,2.44,2.35,2.36,2.36,3770800
1/2/2018,2.38,2.44,2.32,2.42,2.42,2845600
1/3/2018,2.4,2.44,2.38,2.42,2.42,2331100
1/4/2018,2.4,2.42,2.36,2.4,2.4,2458000
1/5/2018,2.43,2.43,2.33,2.36,2.36,3217600
1/8/2018,2.35,2.38,2.3,2.33,2.33,3720700
1/9/2018,2.33,2.37,2.31,2.32,2.32,3202300
1/10/2018,2.31,2.35,2.27,2.34,2.34,3319100
1/11/2018,2.35,2.4,2.34,2.4,2.4,3556700
1/12/2018,2.4,2.42,2.34,2.35,2.35,4621900
1/16/2018,2.37,2.38,2.22,2.28,2.28,4126200
1/17/2018,2.3,2.33,2.26,2.31,2.31,1647700
1/18/2018,2.31,2.32,2.26,2.27,2.27,1200500
1/19/2018,2.26,2.29,2.24,2.27,2.27,1695300
1/22/2018,2.27,2.29,2.21,2.25,2.25,2631900
1/23/2018,2.25,2.25,2.2,2.21,2.21,2759300
1/24/2018,2.2,2.23,2.16,2.21,2.21,2528900
1/25/2018,2.25,2.25,2.1,2.12,2.12,2851700
1/26/2018,2.13,2.14,2.02,2.08,2.08,3455800
1/29/2018,2.07,2.09,1.96,2,2,5891400
1/30/2018,2,2.01,1.89,1.93,1.93,4921500
1/31/2018,1.94,1.98,1.92,1.93,1.93,1913100
2/1/2018,1.94,1.98,1.9,1.92,1.92,1578100
2/2/2018,1.92,1.95,1.86,1.94,1.94,3183800
2/5/2018,1.93,1.94,1.8,1.8,1.8,3533700
2/6/2018,1.78,1.87,1.66,1.84,1.84,6820100
2/7/2018,1.88,2.05,1.84,1.98,1.98,5931400
2/8/2018,2.02,2.02,1.71,1.72,1.72,6682400
2/9/2018,1.82,1.83,1.53,1.7,1.7,7639600
2/12/2018,1.76,1.77,1.63,1.75,1.75,3012800
2/13/2018,1.73,1.79,1.72,1.78,1.78,2897300
2/14/2018,1.75,1.8,1.72,1.78,1.78,2992800
2/15/2018,1.78,1.84,1.72,1.83,1.83,3019900
2/16/2018,1.83,1.9,1.82,1.85,1.85,3029800
2/20/2018,1.85,1.87,1.77,1.77,1.77,1870700
2/21/2018,1.77,2.13,1.76,1.99,1.99,10155200
2/22/2018,2.02,2.04,1.85,1.88,1.88,3935800
2/23/2018,1.88,1.98,1.88,1.96,1.96,3752300
2/26/2018,2,2.01,1.93,1.96,1.96,2120200
2/27/2018,1.95,1.97,1.88,1.9,1.9,3604000
2/28/2018,1.89,1.93,1.86,1.86,1.86,2979400
3/1/2018,1.85,1.86,1.76,1.81,1.81,3069700
3/2/2018,1.79,1.9,1.76,1.89,1.89,2526800
3/5/2018,1.89,2,1.85,1.89,1.89,5819600
3/6/2018,1.9,1.93,1.82,1.88,1.88,3124600
3/7/2018,1.83,1.9,1.8,1.83,1.83,4010900
3/8/2018,1.87,1.94,1.86,1.89,1.89,3644400
3/9/2018,1.91,1.97,1.88,1.94,1.94,2790400
3/12/2018,1.97,2.12,1.96,2.08,2.08,5261700
3/13/2018,2.11,2.13,1.96,1.97,1.97,5778500
3/14/2018,1.99,2.01,1.91,1.94,1.94,2311600
3/15/2018,1.94,2,1.92,1.96,1.96,1853200
3/16/2018,1.96,2.05,1.92,2.04,2.04,3187600
3/19/2018,2.02,2.04,1.93,1.98,1.98,3417000
3/20/2018,2,2.02,1.94,1.96,1.96,2988500
3/21/2018,1.96,2.01,1.95,1.96,1.96,2288400
3/22/2018,1.88,2,1.86,1.91,1.91,4318400
3/23/2018,1.9,1.98,1.87,1.89,1.89,5058000
3/26/2018,1.92,1.98,1.88,1.95,1.95,5533200
3/27/2018,1.95,1.97,1.87,1.89,1.89,4551500
3/28/2018,1.91,1.93,1.83,1.91,1.91,3591100
3/29/2018,1.91,1.95,1.88,1.89,1.89,4789200
4/2/2018,1.87,1.87,1.75,1.77,1.77,5368400
4/3/2018,1.8,1.83,1.71,1.78,1.78,4571000
4/4/2018,1.74,1.83,1.73,1.83,1.83,4866200
4/5/2018,1.84,1.86,1.8,1.83,1.83,2271400
4/6/2018,1.81,1.83,1.78,1.8,1.8,2400200
4/9/2018,1.82,1.88,1.8,1.83,1.83,2543800
4/10/2018,1.85,1.9,1.83,1.85,1.85,2371800
4/11/2018,1.84,1.89,1.84,1.86,1.86,4024700
4/12/2018,1.86,1.9,1.85,1.87,1.87,2023500
4/13/2018,1.87,1.92,1.84,1.88,1.88,2926900
4/16/2018,1.88,1.9,1.86,1.88,1.88,1691900
4/17/2018,1.87,2,1.87,1.96,1.96,5824900
4/18/2018,1.99,2.01,1.93,1.95,1.95,5892300
4/19/2018,1.94,1.98,1.94,1.95,1.95,2773900
4/20/2018,1.94,1.96,1.91,1.92,1.92,2293400
4/23/2018,1.92,1.95,1.88,1.9,1.9,3026600
4/24/2018,1.91,1.93,1.82,1.86,1.86,3086100
4/25/2018,1.86,1.86,1.76,1.84,1.84,4344200
4/26/2018,1.82,1.89,1.81,1.86,1.86,2267500
4/27/2018,1.86,1.88,1.81,1.82,1.82,3699500
4/30/2018,1.82,1.86,1.82,1.83,1.83,2022800
5/1/2018,1.88,1.9,1.82,1.86,1.86,3114100
5/2/2018,1.86,1.9,1.84,1.87,1.87,2645000
5/3/2018,1.86,1.89,1.81,1.84,1.84,4753800
5/4/2018,1.85,1.89,1.8,1.81,1.81,7322500
5/7/2018,1.85,1.9,1.83,1.87,1.87,3558500
5/8/2018,1.88,1.89,1.82,1.84,1.84,4406800
5/9/2018,1.97,2,1.9,2,2,6249200
5/10/2018,2,2.03,1.97,2.02,2.02,3832100
5/11/2018,2.02,2.18,2,2.16,2.16,7264700
5/14/2018,2.17,2.27,2.17,2.19,2.19,9248000
5/15/2018,2.17,2.2,2.08,2.15,2.15,4946300
5/16/2018,2.17,2.19,2.1,2.11,2.11,4758300
5/17/2018,2.12,2.18,2.1,2.12,2.12,3516200
5/18/2018,2.12,2.16,2.11,2.12,2.12,2218300
5/21/2018,2.15,2.24,2.13,2.22,2.22,4773200
5/22/2018,2.24,2.24,2.14,2.14,2.14,3300200
5/23/2018,2.15,2.18,2.12,2.14,2.14,2449000
5/24/2018,2.14,2.22,2.12,2.15,2.15,6657400
5/25/2018,2.13,2.14,1.93,1.97,1.97,8290300
5/29/2018,1.97,2.02,1.9,1.95,1.95,4021100
5/30/2018,1.97,2,1.94,1.95,1.95,3572400
5/31/2018,1.96,1.97,1.87,1.87,1.87,5232800
6/1/2018,1.89,1.92,1.87,1.89,1.89,3682300
6/4/2018,1.9,1.91,1.85,1.87,1.87,3212900
6/5/2018,1.86,1.87,1.78,1.82,1.82,4639000
6/6/2018,1.85,1.89,1.82,1.86,1.86,4202100
6/7/2018,1.87,1.88,1.84,1.85,1.85,1554200
6/8/2018,1.85,1.86,1.83,1.86,1.86,2330100
6/11/2018,1.89,1.95,1.86,1.93,1.93,3586100
6/12/2018,1.95,2.05,1.93,2.01,2.01,5485500
6/13/2018,2.02,2.03,1.95,2.01,2.01,2630400
6/14/2018,2.01,2.03,1.94,1.99,1.99,2006400
6/15/2018,1.97,1.99,1.92,1.98,1.98,2844200
6/18/2018,1.95,2.02,1.94,1.99,1.99,2742800
6/19/2018,1.99,2,1.93,1.98,1.98,2263500
6/20/2018,1.96,2.02,1.94,2.01,2.01,2832300
6/21/2018,2.02,2.02,1.96,1.99,1.99,1701900
6/22/2018,2.02,2.04,1.97,2.04,2.04,3172500
6/25/2018,2.02,2.02,1.93,1.94,1.94,3885600
6/26/2018,1.94,2.04,1.94,2.03,2.03,2334400
6/27/2018,2.03,2.05,1.96,1.97,1.97,1843600
6/28/2018,1.97,2,1.88,1.99,1.99,3737000
6/29/2018,1.99,2.04,1.97,2.02,2.02,4359600
7/2/2018,2,2.05,1.98,2.03,2.03,2655400
7/3/2018,2.04,2.05,1.99,2.01,2.01,2337900
7/5/2018,2.03,2.08,2,2.05,2.05,2681200
7/6/2018,2.06,2.07,2.01,2.02,2.02,2626300
7/9/2018,2.04,2.06,2.02,2.03,2.03,1516000
7/10/2018,2.04,2.09,2.04,2.06,2.06,1661100
7/11/2018,2.05,2.08,2.04,2.06,2.06,1111500
7/12/2018,2.08,2.19,2.03,2.18,2.18,5609200
7/13/2018,2.17,2.2,2.05,2.05,2.05,4965600
7/16/2018,2.04,2.06,1.98,2.01,2.01,3107000
7/17/2018,1.99,2.03,1.98,1.98,1.98,2647100
7/18/2018,2,2.02,1.98,1.99,1.99,880600
7/19/2018,1.99,2.04,1.98,2.02,2.02,1851500
7/20/2018,2.02,2.03,1.96,1.96,1.96,2727000
7/23/2018,1.98,1.99,1.94,1.96,1.96,2006000
7/24/2018,1.96,2,1.9,1.91,1.91,2005300
7/25/2018,1.95,1.98,1.92,1.96,1.96,2014900
7/26/2018,1.97,1.98,1.93,1.93,1.93,871000
7/27/2018,1.94,1.98,1.92,1.95,1.95,2472900
7/30/2018,1.96,1.96,1.91,1.91,1.91,1060400
7/31/2018,1.91,2.02,1.91,2,2,3035700
8/1/2018,2,2.02,1.94,1.96,1.96,876900
8/2/2018,1.94,1.99,1.94,1.99,1.99,1347300
8/3/2018,1.99,2,1.95,1.95,1.95,1406700
8/6/2018,1.98,1.99,1.95,1.97,1.97,1883700
8/7/2018,1.98,1.99,1.95,1.95,1.95,1296500
8/8/2018,1.97,2.05,1.95,2.02,2.02,3986300
8/9/2018,2.01,2.02,1.89,1.91,1.91,4971300
8/10/2018,1.91,1.92,1.83,1.91,1.91,3094800
8/13/2018,1.92,1.93,1.87,1.89,1.89,1798000
8/14/2018,1.91,1.91,1.87,1.89,1.89,1865800
8/15/2018,1.89,1.9,1.85,1.86,1.86,1310900
8/16/2018,1.87,2,1.86,1.97,1.97,4587400
8/17/2018,1.96,1.98,1.93,1.97,1.97,1572000
8/20/2018,1.99,1.99,1.94,1.95,1.95,1243900
8/21/2018,1.95,1.98,1.93,1.95,1.95,1648100
8/22/2018,1.95,1.98,1.94,1.95,1.95,1026700
8/23/2018,1.99,2.1,1.99,2.01,2.01,5719700
8/24/2018,2.03,2.05,1.97,2,2,2517200
8/27/2018,2.01,2.04,1.95,1.97,1.97,3409800
8/28/2018,1.99,2,1.95,1.96,1.96,1833300
8/29/2018,1.99,2.04,1.96,1.97,1.97,5114500
8/30/2018,1.97,1.97,1.92,1.94,1.94,4030200
8/31/2018,1.92,1.98,1.92,1.97,1.97,1872700
9/4/2018,2,2.03,1.92,1.95,1.95,4039300
9/5/2018,1.94,1.95,1.88,1.91,1.91,3091400
9/6/2018,1.92,1.94,1.88,1.89,1.89,1636300
9/7/2018,1.91,1.93,1.89,1.92,1.92,1568300
9/10/2018,1.93,1.93,1.82,1.83,1.83,2994300
9/11/2018,1.82,1.84,1.72,1.76,1.76,5510300
9/12/2018,1.76,1.78,1.72,1.77,1.77,2885800
9/13/2018,1.76,1.8,1.75,1.75,1.75,1428200
9/14/2018,1.75,1.88,1.74,1.87,1.87,3104100
9/17/2018,1.87,1.9,1.82,1.83,1.83,2115800
9/18/2018,1.86,1.92,1.85,1.91,1.91,3708700
9/19/2018,1.92,1.94,1.88,1.89,1.89,2409000
9/20/2018,1.9,1.94,1.87,1.93,1.93,3069100
9/21/2018,1.91,1.93,1.9,1.9,1.9,1890100
9/24/2018,1.9,1.9,1.86,1.88,1.88,970000
9/25/2018,1.89,2.05,1.88,1.97,1.97,6956600
9/26/2018,1.98,1.98,1.9,1.92,1.92,2179000
9/27/2018,1.91,1.93,1.9,1.9,1.9,1087000
9/28/2018,1.91,1.95,1.9,1.92,1.92,1171600
10/1/2018,1.92,1.98,1.92,1.93,1.93,2343000
10/2/2018,1.94,1.94,1.87,1.9,1.9,2318400
10/3/2018,1.9,1.92,1.88,1.9,1.9,1890800
10/4/2018,1.92,1.92,1.87,1.87,1.87,1244100
10/5/2018,1.88,1.9,1.85,1.87,1.87,1511400
10/8/2018,1.85,1.88,1.85,1.86,1.86,1268200
10/9/2018,1.86,1.93,1.85,1.86,1.86,1878100
10/10/2018,1.87,1.89,1.72,1.74,1.74,4346500
10/11/2018,1.75,1.82,1.73,1.78,1.78,2725000
10/12/2018,1.8,1.87,1.78,1.81,1.81,2337500
10/15/2018,1.81,1.89,1.81,1.88,1.88,2220300
10/16/2018,1.95,1.98,1.91,1.93,1.93,4749700
10/17/2018,1.93,1.95,1.89,1.93,1.93,2468300
10/18/2018,1.91,1.95,1.9,1.91,1.91,1433400
10/19/2018,1.91,1.95,1.88,1.94,1.94,4039500
10/22/2018,1.93,1.95,1.9,1.92,1.92,1309600
10/23/2018,1.9,1.9,1.82,1.87,1.87,2898300
10/24/2018,1.87,1.92,1.85,1.86,1.86,2976600
10/25/2018,1.89,1.89,1.83,1.85,1.85,1426800
10/26/2018,1.85,1.88,1.78,1.83,1.83,2491200
10/29/2018,1.86,1.88,1.78,1.8,1.8,1711000
10/30/2018,1.8,1.86,1.79,1.84,1.84,1480100
10/31/2018,1.86,1.88,1.84,1.85,1.85,1201700
11/1/2018,1.83,1.91,1.81,1.89,1.89,2090000
11/2/2018,1.92,1.92,1.87,1.9,1.9,1074900
11/5/2018,1.91,1.92,1.86,1.92,1.92,1436500
11/6/2018,1.9,1.92,1.89,1.91,1.91,1264100
11/7/2018,1.92,1.94,1.9,1.93,1.93,2244500
11/8/2018,1.96,2,1.9,1.94,1.94,3052100
11/9/2018,1.93,1.93,1.84,1.87,1.87,2940500
11/12/2018,1.88,1.88,1.8,1.85,1.85,1857100
11/13/2018,1.86,1.87,1.81,1.81,1.81,1254100
11/14/2018,1.83,1.85,1.79,1.8,1.8,1625500
11/15/2018,1.8,1.86,1.8,1.84,1.84,980400
11/16/2018,1.82,1.84,1.81,1.84,1.84,823700
11/19/2018,1.82,1.83,1.74,1.78,1.78,2040600
11/20/2018,1.76,1.8,1.72,1.75,1.75,1856000
11/21/2018,1.74,1.82,1.74,1.8,1.8,1183200
11/23/2018,1.78,1.8,1.71,1.71,1.71,1435700
11/26/2018,1.75,1.79,1.72,1.73,1.73,1451600
11/27/2018,1.74,1.77,1.72,1.76,1.76,1213100
11/28/2018,1.78,1.79,1.74,1.78,1.78,1418700
11/29/2018,1.8,1.8,1.76,1.77,1.77,1168000
11/30/2018,1.77,1.77,1.75,1.75,1.75,1094500
12/3/2018,1.78,1.79,1.68,1.7,1.7,2214000
12/4/2018,1.71,1.74,1.69,1.69,1.69,2137900
12/6/2018,1.69,1.69,1.59,1.62,1.62,2917600
12/7/2018,1.62,1.67,1.55,1.57,1.57,2648800
12/10/2018,1.6,1.63,1.41,1.5,1.5,3418000
12/11/2018,1.54,1.55,1.49,1.5,1.5,1259400
12/12/2018,1.5,1.51,1.46,1.46,1.46,2239400
12/13/2018,1.47,1.5,1.44,1.45,1.45,1743800
12/14/2018,1.43,1.44,1.37,1.37,1.37,2370700
12/17/2018,1.36,1.39,1.28,1.31,1.31,3495800
12/18/2018,1.32,1.34,1.17,1.18,1.18,4184000
12/19/2018,1.21,1.22,1.18,1.18,1.18,2358300
12/20/2018,1.2,1.21,1,1.01,1.01,7542100
12/21/2018,1.03,1.05,0.99,1.02,1.02,8373200
12/24/2018,1.04,1.05,0.99,1.02,1.02,3127500
12/26/2018,1.02,1.33,1.02,1.31,1.31,8140800
12/27/2018,1.35,1.4,1.22,1.3,1.3,5935600
12/28/2018,1.3,1.38,1.26,1.32,1.32,4737800
12/31/2018,1.36,1.36,1.23,1.24,1.24,3750200
1/2/2019,1.24,1.35,1.23,1.33,1.33,3389200
1/3/2019,1.33,1.33,1.24,1.26,1.26,3638000
1/4/2019,1.3,1.35,1.26,1.34,1.34,4863800
1/7/2019,1.38,1.59,1.38,1.53,1.53,7525700
1/8/2019,1.6,1.7,1.59,1.6,1.6,8715600
1/9/2019,1.65,1.65,1.4,1.51,1.51,7496200
1/10/2019,1.5,1.5,1.42,1.45,1.45,2724900
1/11/2019,1.45,1.49,1.36,1.48,1.48,4353600
1/14/2019,1.47,1.47,1.41,1.45,1.45,2000200
1/15/2019,1.44,1.45,1.34,1.39,1.39,3491100
1/16/2019,1.39,1.44,1.37,1.39,1.39,1586900
1/17/2019,1.4,1.43,1.37,1.4,1.4,2165900
1/18/2019,1.41,1.43,1.36,1.38,1.38,2313600
1/22/2019,1.4,1.4,1.31,1.33,1.33,2180300
1/23/2019,1.34,1.39,1.31,1.36,1.36,2144600
1/24/2019,1.37,1.39,1.35,1.37,1.37,1227200
1/25/2019,1.38,1.4,1.34,1.36,1.36,1901000
1/28/2019,1.36,1.37,1.33,1.37,1.37,1769300
1/29/2019,1.38,1.42,1.38,1.4,1.4,1793100
1/30/2019,1.42,1.42,1.37,1.39,1.39,1789100
1/31/2019,1.39,1.42,1.37,1.37,1.37,2394600
2/1/2019,1.38,1.4,1.33,1.34,1.34,2640600
2/4/2019,1.36,1.39,1.35,1.38,1.38,2114300
2/5/2019,1.39,1.39,1.37,1.38,1.38,1262000
2/6/2019,1.39,1.4,1.35,1.36,1.36,1578900
2/7/2019,1.36,1.37,1.34,1.34,1.34,1207500
2/8/2019,1.34,1.35,1.32,1.34,1.34,1276400
2/11/2019,1.35,1.37,1.33,1.36,1.36,1375300
2/12/2019,1.37,1.38,1.35,1.37,1.37,960600
2/13/2019,1.37,1.41,1.35,1.4,1.4,2173100
2/14/2019,1.4,1.69,1.39,1.67,1.67,9410000
2/15/2019,1.65,1.67,1.5,1.62,1.62,5255300
2/19/2019,1.65,1.75,1.64,1.69,1.69,3638700
2/20/2019,1.74,1.8,1.73,1.78,1.78,5853200
2/21/2019,1.8,1.81,1.67,1.78,1.78,3369600
2/22/2019,1.8,1.8,1.73,1.8,1.8,2563400
2/25/2019,1.82,1.83,1.72,1.75,1.75,3225500
2/26/2019,1.79,1.79,1.68,1.77,1.77,3039600
2/27/2019,1.75,1.8,1.72,1.79,1.79,1872200
2/28/2019,1.8,1.8,1.76,1.79,1.79,1534000
3/1/2019,1.8,1.83,1.77,1.8,1.8,2269200
3/4/2019,1.83,1.88,1.82,1.86,1.86,3211100
3/5/2019,1.89,1.95,1.85,1.87,1.87,4327800
3/6/2019,1.91,1.93,1.8,1.81,1.81,4278700
3/7/2019,1.75,1.98,1.55,1.97,1.97,9128800
3/8/2019,1.94,1.95,1.92,1.95,1.95,2813900
3/11/2019,1.97,2.24,1.96,2.11,2.11,13031000
3/12/2019,2.15,2.3,2.14,2.2,2.2,10149000
3/13/2019,2.28,2.39,2.22,2.38,2.38,9414000
3/14/2019,2.49,2.65,2.38,2.59,2.59,18091500
3/15/2019,2.59,2.6,2.04,2.2,2.2,15081500
3/18/2019,2.28,2.42,2.25,2.4,2.4,6292400
3/19/2019,2.48,2.58,2.43,2.53,2.53,8370500
3/20/2019,2.41,2.65,2.41,2.62,2.62,10581900
3/21/2019,2.6,2.62,2.42,2.54,2.54,8405500
3/22/2019,2.49,2.54,2.42,2.48,2.48,4411900
3/25/2019,2.48,2.49,2.23,2.36,2.36,6764600
3/26/2019,2.36,2.43,2.32,2.4,2.4,3460400
3/27/2019,2.4,2.43,2.31,2.36,2.36,3998100
3/28/2019,2.4,2.54,2.36,2.42,2.42,6995000
3/29/2019,2.47,2.49,2.37,2.4,2.4,4239400
4/1/2019,2.42,2.43,2.34,2.35,2.35,3525900
4/2/2019,2.36,2.46,2.32,2.45,2.45,4149600
4/3/2019,2.49,2.58,2.4,2.45,2.45,7963600
4/4/2019,2.46,2.55,2.44,2.55,2.55,4623900
4/5/2019,2.57,2.68,2.54,2.63,2.63,9400800
4/8/2019,2.66,2.86,2.65,2.77,2.77,10353300
4/9/2019,2.79,2.85,2.59,2.59,2.59,9409900
4/10/2019,2.65,2.73,2.62,2.67,2.67,4631500
4/11/2019,2.67,2.72,2.6,2.67,2.67,3111800
4/12/2019,2.7,2.7,2.58,2.59,2.59,4026500
4/15/2019,2.6,2.62,2.43,2.51,2.51,5349800
4/16/2019,2.55,2.6,2.48,2.59,2.59,3267100
4/17/2019,2.6,2.61,2.52,2.56,2.56,2380800
4/18/2019,2.54,2.57,2.5,2.57,2.57,2323400
4/22/2019,2.59,2.59,2.45,2.5,2.5,3966300
4/23/2019,2.5,2.6,2.46,2.53,2.53,6364200
4/24/2019,2.55,2.6,2.51,2.58,2.58,2952100
4/25/2019,2.59,2.59,2.51,2.53,2.53,3208800
4/26/2019,2.5,2.54,2.46,2.52,2.52,2992400
4/29/2019,2.52,2.58,2.5,2.53,2.53,3103200
4/30/2019,2.52,2.55,2.47,2.49,2.49,3524700
5/1/2019,2.5,2.53,2.47,2.51,2.51,2706100
5/2/2019,2.5,2.52,2.45,2.46,2.46,2499900
5/3/2019,2.48,2.57,2.42,2.57,2.57,3209000
5/6/2019,2.51,2.57,2.49,2.51,2.51,2632200
5/7/2019,2.5,2.53,2.45,2.47,2.47,3072900
5/8/2019,2.3,2.49,2.26,2.42,2.42,7494900
5/9/2019,2.36,2.38,2.16,2.31,2.31,6230700
5/10/2019,2.32,2.38,2.3,2.35,2.35,2840000
5/13/2019,2.34,2.34,2.2,2.23,2.23,4938100
5/14/2019,2.25,2.3,2.23,2.28,2.28,4044800
5/15/2019,2.29,2.33,2.26,2.33,2.33,2138600
5/16/2019,2.37,2.44,2.36,2.42,2.42,4366000
5/17/2019,2.46,2.56,2.44,2.55,2.55,4865900
5/20/2019,2.6,2.64,2.52,2.57,2.57,4908800
5/21/2019,2.6,2.6,2.48,2.51,2.51,3722900
5/22/2019,2.5,2.54,2.46,2.53,2.53,2000000
5/23/2019,2.51,2.53,2.43,2.5,2.5,4330700
5/24/2019,2.53,2.54,2.46,2.5,2.5,2683600
5/28/2019,2.64,2.75,2.59,2.67,2.67,8409000
5/29/2019,2.86,2.87,2.51,2.59,2.59,11909900
5/30/2019,2.62,2.68,2.56,2.62,2.62,3927100
5/31/2019,2.56,2.58,2.5,2.56,2.56,3442600
6/3/2019,2.53,2.62,2.51,2.59,2.59,3839200
6/4/2019,2.59,2.64,2.55,2.58,2.58,2881700
6/5/2019,2.6,2.61,2.5,2.54,2.54,3121900
6/6/2019,2.54,2.58,2.51,2.56,2.56,2568600
6/7/2019,2.57,2.58,2.5,2.55,2.55,2203100
6/10/2019,2.56,2.67,2.55,2.66,2.66,3772500
6/11/2019,2.66,2.71,2.59,2.62,2.62,4283200
6/12/2019,2.66,2.7,2.56,2.6,2.6,4484900
6/13/2019,2.61,2.65,2.58,2.65,2.65,1930300
6/14/2019,2.64,2.64,2.54,2.55,2.55,2457600
6/17/2019,2.56,2.59,2.35,2.4,2.4,5487100
6/18/2019,2.43,2.43,2.31,2.31,2.31,4443200
6/19/2019,2.31,2.35,2.2,2.29,2.29,4944300
6/20/2019,2.3,2.33,2.26,2.31,2.31,3353800
6/21/2019,2.3,2.34,2.27,2.3,2.3,3198200
6/24/2019,2.29,2.33,2.08,2.09,2.09,4667500
6/25/2019,2.04,2.08,1.86,2.05,2.05,7457200
6/26/2019,2.2,2.25,2.13,2.14,2.14,4328000
6/27/2019,2.16,2.22,2.14,2.22,2.22,3266300
6/28/2019,2.25,2.3,2.21,2.25,2.25,6415600
7/1/2019,2.32,2.33,2.21,2.24,2.24,3571300
7/2/2019,2.26,2.3,2.2,2.3,2.3,3119300
7/3/2019,2.3,2.31,2.25,2.28,2.28,1889500
7/5/2019,2.32,2.4,2.28,2.35,2.35,5160300
7/8/2019,2.38,2.4,2.28,2.32,2.32,2963900
7/9/2019,2.3,2.31,2.26,2.3,2.3,1986700
7/10/2019,2.32,2.34,2.29,2.3,2.3,2064700
7/11/2019,2.33,2.33,2.27,2.29,2.29,1867700
7/12/2019,2.3,2.32,2.28,2.29,2.29,2433000
7/15/2019,2.32,2.34,2.27,2.33,2.33,2225700
7/16/2019,2.33,2.33,2.28,2.31,2.31,2468300
7/17/2019,2.3,2.35,2.29,2.33,2.33,2375700
7/18/2019,2.32,2.33,2.25,2.31,2.31,2719600
7/19/2019,2.3,2.34,2.29,2.31,2.31,2037900
7/22/2019,2.32,2.33,2.28,2.28,2.28,1835600
7/23/2019,2.28,2.29,2.23,2.25,2.25,3817800
7/24/2019,2.24,2.29,2.2,2.29,2.29,2523700
7/25/2019,2.29,2.31,2.24,2.27,2.27,1748700
7/26/2019,2.28,2.28,2.23,2.25,2.25,2171700
7/29/2019,2.23,2.28,2.22,2.25,2.25,2212200
7/30/2019,2.23,2.25,2.16,2.24,2.24,3103600
7/31/2019,2.24,2.26,2.19,2.21,2.21,2686000
8/1/2019,2.2,2.22,2.14,2.15,2.15,2225100
8/2/2019,2.15,2.19,2.09,2.15,2.15,2754800
8/5/2019,2.11,2.14,2,2.13,2.13,4901900
8/6/2019,2.25,2.29,2.11,2.15,2.15,6789200
8/7/2019,2.13,2.15,2.05,2.1,2.1,2515900
8/8/2019,2.09,2.12,2.07,2.1,2.1,2287900
8/9/2019,2.11,2.17,2.08,2.09,2.09,2193500
8/12/2019,2.05,2.06,1.96,2.05,2.05,2610800
8/13/2019,2.03,2.11,2.01,2.11,2.11,3055900
8/14/2019,2.11,2.11,2,2.01,2.01,3337300
8/15/2019,2,2.01,1.88,2.01,2.01,4394300
8/16/2019,2.05,2.09,1.99,2.09,2.09,2448900
8/19/2019,2.12,2.25,2.11,2.23,2.23,2855000
8/20/2019,2.24,2.24,2.16,2.21,2.21,1700500
8/21/2019,2.22,2.23,2.17,2.2,2.2,1291600
8/22/2019,2.21,2.21,2.16,2.18,2.18,1241000
8/23/2019,2.18,2.18,2.08,2.11,2.11,2170800
8/26/2019,2.14,2.17,2.13,2.15,2.15,1678300
8/27/2019,2.15,2.15,2.06,2.13,2.13,1614400
8/28/2019,2.13,2.16,2.1,2.14,2.14,1323300
8/29/2019,2.16,2.18,2.13,2.17,2.17,1230600
8/30/2019,2.15,2.24,2.14,2.17,2.17,2754800
9/3/2019,2.21,2.23,2.11,2.14,2.14,1755900
9/4/2019,2.15,2.19,2.13,2.15,2.15,1330100
9/5/2019,2.18,2.22,2.16,2.17,2.17,2076100
9/6/2019,2.19,2.29,2.17,2.26,2.26,3065000
9/9/2019,2.29,2.37,2.26,2.33,2.33,4265800
9/10/2019,2.37,2.5,2.35,2.45,2.45,5254600
9/11/2019,2.5,2.55,2.45,2.5,2.5,4274200
9/12/2019,2.5,2.55,2.44,2.55,2.55,2804800
9/13/2019,2.55,2.7,2.5,2.65,2.65,7700300
9/16/2019,2.73,2.85,2.68,2.76,2.76,8099300
9/17/2019,2.74,2.78,2.6,2.72,2.72,5671000
9/18/2019,2.85,2.91,2.75,2.82,2.82,10414700
9/19/2019,2.87,2.94,2.8,2.81,2.81,7670400
9/20/2019,2.84,2.88,2.75,2.8,2.8,6415600
9/23/2019,2.84,2.85,2.73,2.8,2.8,3442400
9/24/2019,2.82,2.82,2.67,2.72,2.72,4089100
9/25/2019,2.69,2.7,2.51,2.7,2.7,4687800
9/26/2019,2.69,2.7,2.62,2.65,2.65,2243900
9/27/2019,2.65,2.67,2.55,2.59,2.59,3506000
9/30/2019,2.6,2.65,2.55,2.63,2.63,2664300
10/1/2019,2.65,2.65,2.49,2.51,2.51,2824500
10/2/2019,2.48,2.52,2.35,2.41,2.41,4159600
10/3/2019,2.4,2.42,2.32,2.38,2.38,2838200
10/4/2019,2.42,2.45,2.37,2.45,2.45,1965500
10/7/2019,2.45,2.55,2.43,2.54,2.54,2932800
10/8/2019,2.54,2.72,2.54,2.63,2.63,5246300
10/9/2019,2.68,2.7,2.6,2.66,2.66,2324600
10/10/2019,2.67,2.71,2.65,2.69,2.69,1863400
10/11/2019,2.72,2.77,2.67,2.68,2.68,3293300
10/14/2019,2.69,2.78,2.69,2.75,2.75,5343500
10/15/2019,2.74,2.79,2.69,2.78,2.78,3573900
10/16/2019,2.77,2.84,2.76,2.8,2.8,3749800
10/17/2019,2.83,3,2.8,2.94,2.94,8775600
10/18/2019,2.96,3.05,2.94,3.04,3.04,12732600
10/21/2019,3.12,3.14,2.9,2.92,2.92,8844000
10/22/2019,2.95,3,2.82,2.9,2.9,3820800
10/23/2019,2.9,3,2.89,2.97,2.97,3103600
10/24/2019,3,3.05,2.99,3.05,3.05,4338700
10/25/2019,3.05,3.05,2.96,2.98,2.98,3251900
10/28/2019,3,3.02,2.91,2.92,2.92,4250100
10/29/2019,2.92,2.95,2.72,2.75,2.75,12564600
10/30/2019,2.76,2.77,2.6,2.64,2.64,5163300
10/31/2019,2.66,2.68,2.55,2.65,2.65,4022800
11/1/2019,2.7,2.82,2.7,2.78,2.78,4398900
11/4/2019,2.84,2.92,2.76,2.79,2.79,5832800
11/5/2019,2.81,2.83,2.71,2.77,2.77,3989300
11/6/2019,2.8,2.85,2.73,2.85,2.85,5770400
11/7/2019,2.72,2.76,2.55,2.66,2.66,7742700
11/8/2019,2.65,2.74,2.62,2.73,2.73,2338600
11/11/2019,2.81,2.97,2.77,2.94,2.94,11738400
11/12/2019,3.02,3.19,2.98,3.07,3.07,15589700
11/13/2019,3.16,3.44,3.15,3.38,3.38,18374200
11/14/2019,3.62,3.65,3.24,3.42,3.42,19019400
11/15/2019,3.43,3.61,3.36,3.49,3.49,13233000
11/18/2019,3.56,3.77,3.52,3.75,3.75,13490500
11/19/2019,3.67,3.69,3.29,3.39,3.39,18437500
11/20/2019,3.41,3.59,3.33,3.48,3.48,7831400
11/21/2019,3.49,3.52,3.3,3.37,3.37,6291000
11/22/2019,3.45,3.48,3.33,3.38,3.38,5190600
11/25/2019,3.47,3.81,3.42,3.7,3.7,17256400
11/26/2019,3.73,3.91,3.67,3.9,3.9,13586900
11/27/2019,3.99,4.04,3.92,4,4,13575100
11/29/2019,3.99,3.99,3.73,3.9,3.9,6699500
12/2/2019,3.91,4.01,3.66,3.8,3.8,10259600
12/3/2019,3.4,3.49,3.17,3.38,3.38,18873900
12/4/2019,3.45,3.52,3.29,3.3,3.3,8491900
12/5/2019,3.19,3.23,3.05,3.09,3.09,15193800
12/6/2019,3.08,3.21,3,3.15,3.15,32971100
12/9/2019,3.23,3.33,2.93,3,3,15502700
12/10/2019,3,3.11,2.92,3.07,3.07,8571400
12/11/2019,3.15,3.25,3.09,3.22,3.22,11476600
12/12/2019,3.3,3.3,3.09,3.14,3.14,8359900
12/13/2019,3.18,3.2,3.07,3.09,3.09,7270000
12/16/2019,3.13,3.2,3.09,3.17,3.17,6600200
12/17/2019,3.17,3.17,3.05,3.07,3.07,8868900
12/18/2019,3.06,3.07,2.88,2.9,2.9,13521500
12/19/2019,2.88,2.99,2.75,2.93,2.93,21210700
12/20/2019,2.89,3.02,2.88,2.94,2.94,10798600
12/23/2019,2.96,2.98,2.9,2.96,2.96,4826300
12/24/2019,2.95,3.11,2.94,3.11,3.11,4804300
12/26/2019,3.09,3.2,3.03,3.15,3.15,6234200
12/27/2019,3.19,3.24,3.05,3.08,3.08,8407500
12/30/2019,3.1,3.12,2.91,3.08,3.08,7603700
12/31/2019,3.05,3.17,3.01,3.16,3.16,10109100
1/2/2020,3.21,3.27,3.12,3.24,3.24,10698100
1/3/2020,3.2,3.3,3.14,3.23,3.23,7754900
1/6/2020,3.43,3.87,3.36,3.82,3.82,39410900
1/7/2020,3.76,3.9,3.66,3.81,3.81,22220600
1/8/2020,3.75,4.2,3.75,4.08,4.08,30564000
1/9/2020,4.18,4.2,3.88,4.05,4.05,17390600
1/10/2020,4.08,4.17,4.02,4.14,4.14,13966800
1/13/2020,4.22,4.42,4.06,4.1,4.1,24579100
1/14/2020,4.1,4.14,3.83,4.04,4.04,18388500
1/15/2020,4,4.24,3.95,4.2,4.2,11233500
1/16/2020,4.24,4.39,4.11,4.19,4.19,12759500
1/17/2020,4.2,4.27,4.11,4.17,4.17,7915400
1/21/2020,4.15,4.53,4.08,4.32,4.32,21413800
1/22/2020,4.36,4.4,3.88,4.05,4.05,24725800
1/23/2020,3.87,3.97,3.82,3.93,3.93,11369500
1/24/2020,4.1,4.11,3.85,3.9,3.9,10301200
1/27/2020,3.73,3.89,3.65,3.81,3.81,9249400
1/28/2020,3.86,4.13,3.86,4.08,4.08,11133200
1/29/2020,4.17,4.17,3.93,4.04,4.04,8774400
1/30/2020,3.96,4.12,3.87,3.99,3.99,10989900
1/31/2020,4.02,4.09,3.75,3.87,3.87,10758700
2/3/2020,3.89,3.92,3.79,3.85,3.85,6913800
2/4/2020,3.9,4.09,3.89,4.09,4.09,10169900
2/5/2020,4.08,4.32,4.06,4.13,4.13,11263900
2/6/2020,4.17,4.31,4.14,4.25,4.25,8249600
2/7/2020,4.25,4.31,4.13,4.25,4.25,7425900
2/10/2020,4.3,4.43,4.27,4.38,4.38,9929400
2/11/2020,4.45,4.47,4.16,4.41,4.41,10141400
2/12/2020,4.37,4.52,4.36,4.48,4.48,12085500
2/13/2020,4.45,4.52,4.28,4.46,4.46,9920900
2/14/2020,4.45,4.51,4.36,4.42,4.42,6549000
2/18/2020,4.52,5.01,4.48,4.85,4.85,31181600
2/19/2020,5.27,5.78,5,5.72,5.72,52166000
2/20/2020,5.95,6.05,5.1,5.51,5.51,69794900
2/21/2020,5.65,5.76,5.32,5.57,5.57,24450900
2/24/2020,4.91,5.33,4.87,5.2,5.2,24396300
2/25/2020,5.44,5.44,4.7,4.83,4.83,29403200
2/26/2020,4.7,5.09,4.6,4.75,4.75,23484200
2/27/2020,4.3,4.54,4.04,4.04,4.04,28485800
2/28/2020,3.86,4.34,3.82,4.34,4.34,27696600
3/2/2020,4.6,4.65,4.05,4.36,4.36,31294000
3/3/2020,4.52,4.72,4.36,4.51,4.51,23812500
3/4/2020,4.6,4.8,4.45,4.76,4.76,17696200
3/5/2020,4.45,4.75,4.28,4.54,4.54,23708200
3/6/2020,4.34,4.49,4.15,4.33,4.33,16028100
3/9/2020,3.77,4.2,3.75,3.93,3.93,17549700
3/10/2020,4.15,4.19,3.88,4.14,4.14,14726200
3/11/2020,4,4.09,3.72,3.78,3.78,14971600
3/12/2020,3.23,3.49,3.2,3.27,3.27,20183700
3/13/2020,3.55,3.57,3.14,3.38,3.38,14780100
3/16/2020,2.92,3.2,2.68,2.76,2.76,17296700
3/17/2020,2.84,3.3,2.53,3.28,3.28,19723500
3/18/2020,2.94,3.18,2.7,2.83,2.83,17252900
3/19/2020,2.87,3.2,2.84,3.12,3.12,15611400
3/20/2020,3.29,3.35,3.03,3.32,3.32,24218800
3/23/2020,3.3,3.5,3.2,3.42,3.42,15821800
3/24/2020,3.66,3.86,3.54,3.73,3.73,15143700
3/25/2020,3.8,4.14,3.67,3.84,3.84,17453400
3/26/2020,3.9,4.03,3.68,3.81,3.81,12172500
3/27/2020,3.64,3.94,3.48,3.72,3.72,10894100
3/30/2020,3.71,3.75,3.51,3.58,3.58,11971300
3/31/2020,3.61,3.68,3.47,3.54,3.54,8613800
4/1/2020,3.42,3.48,3.22,3.31,3.31,11528100
4/2/2020,3.26,3.54,3.26,3.4,3.4,8421300
4/3/2020,3.38,3.47,3.3,3.35,3.35,9543100
4/6/2020,3.5,3.7,3.47,3.69,3.69,11667200
4/7/2020,3.85,3.86,3.63,3.65,3.65,11641300
4/8/2020,3.69,3.93,3.66,3.82,3.82,11846800
4/9/2020,3.94,4.02,3.77,3.82,3.82,10718800
4/13/2020,3.8,4.12,3.7,4.12,4.12,11544300
4/14/2020,4.2,4.34,4.14,4.27,4.27,11021900
4/15/2020,4.2,4.21,3.94,4.18,4.18,9551700
4/16/2020,4.22,4.57,4.16,4.49,4.49,13172000
4/17/2020,4.69,4.75,4.35,4.52,4.52,12209100
4/20/2020,4.43,4.59,4.37,4.42,4.42,10440700
4/21/2020,4.34,4.39,4.14,4.22,4.22,8788300
4/22/2020,4.33,4.42,4.27,4.33,4.33,7170100
4/23/2020,4.35,4.44,4.26,4.3,4.3,6479200
4/24/2020,4.32,4.4,4.24,4.4,4.4,5158500
4/27/2020,4.44,4.58,4.43,4.5,4.5,6496300
4/28/2020,4.55,4.6,4.33,4.44,4.44,6706500
4/29/2020,4.48,4.5,4.37,4.42,4.42,6066200
4/30/2020,4.36,4.4,4.18,4.18,4.18,7982700
5/1/2020,4.11,4.16,3.79,3.92,3.92,10378400
5/4/2020,3.91,4.13,3.89,4.09,4.09,7136300
5/5/2020,4.2,4.35,4.11,4.17,4.17,6665300
5/6/2020,4.21,4.25,4.1,4.17,4.17,6284000
5/7/2020,4.19,4.37,4.18,4.37,4.37,8861000
5/8/2020,4.39,4.57,4.23,4.55,4.55,9152300
5/11/2020,4.45,4.51,4.3,4.31,4.31,9185500
5/12/2020,4.37,4.54,4.26,4.28,4.28,9233900
5/13/2020,4.25,4.44,3.97,4.11,4.11,16999800
5/14/2020,4.06,4.08,3.8,4.06,4.06,17036400
5/15/2020,4,4.12,3.86,4.08,4.08,6831400
5/18/2020,4.23,4.25,4.12,4.17,4.17,7486500
5/19/2020,4.15,4.37,4.14,4.17,4.17,9076900
5/20/2020,4.26,4.34,4.18,4.22,4.22,6979900
5/21/2020,4.2,4.26,4.09,4.17,4.17,6880200
5/22/2020,4.17,4.17,4.05,4.11,4.11,4939500
5/26/2020,4.2,4.39,4.18,4.22,4.22,13350600
5/27/2020,4.28,4.38,4.03,4.33,4.33,13745100
5/28/2020,4.29,4.51,4.22,4.25,4.25,14081200
5/29/2020,4.27,4.28,4.09,4.21,4.21,11848000
6/1/2020,4.11,4.34,4.11,4.28,4.28,9989600
6/2/2020,4.3,4.31,4.11,4.15,4.15,11980400
6/3/2020,4.17,4.2,4.12,4.17,4.17,7583400
6/4/2020,4.25,5,4.21,5,5,33028500
6/5/2020,5.05,5.1,4.75,4.88,4.88,24537100
6/8/2020,5,5.3,4.93,5.28,5.28,18109800
6/9/2020,5.15,5.32,5.07,5.1,5.1,13107600
6/10/2020,5.29,5.97,5.19,5.66,5.66,39394200
6/11/2020,5.43,5.43,4.72,4.75,4.75,25600100
6/12/2020,5.16,5.36,4.88,5.06,5.06,15566800
6/15/2020,4.95,5.27,4.83,5.21,5.21,11289300
6/16/2020,5.48,5.62,5.27,5.45,5.45,14720600
6/17/2020,5.49,5.51,5.25,5.29,5.29,10307400
6/18/2020,5.17,5.45,5.12,5.39,5.39,8186200
6/19/2020,5.44,5.64,5.35,5.48,5.48,14987000
6/22/2020,5.47,5.61,5.39,5.57,5.57,9008400
6/23/2020,6.03,7.03,5.97,6.43,6.43,69169600
6/24/2020,7.25,7.81,6.91,7.57,7.57,87133400
6/25/2020,7.43,7.53,7.07,7.35,7.35,33448100
6/26/2020,7.25,7.28,6.62,6.83,6.83,29148100
6/29/2020,7.07,8.26,7.06,7.99,7.99,46928500
6/30/2020,8.27,8.34,7.74,8.21,8.21,33689200
7/1/2020,8.64,9.31,8.44,8.87,8.87,55809100
7/2/2020,9.52,9.65,8.95,9.1,9.1,38140000
7/6/2020,9.63,10.49,9.52,9.98,9.98,54725200
7/7/2020,9.55,9.69,8.71,9.34,9.34,44654100
7/8/2020,9.69,9.73,9.21,9.5,9.5,24096200
7/9/2020,9.35,9.36,8.5,8.95,8.95,44600200
7/10/2020,8.85,9.49,8.76,9.3,9.3,27965400
7/13/2020,9.57,9.59,8.28,8.31,8.31,32436700
7/14/2020,8.3,8.74,8.17,8.65,8.65,18920100
7/15/2020,8.82,9.16,8.73,9.04,9.04,20029200
7/16/2020,8.92,9.66,8.91,9.06,9.06,20408400
7/17/2020,9.13,9.21,8.86,8.99,8.99,13686600
7/20/2020,8.92,9.05,8.32,8.6,8.6,17247600
7/21/2020,8.72,9.39,8.68,9.08,9.08,26048300
7/22/2020,9.04,9.25,8.68,8.95,8.95,17347400
7/23/2020,8.77,8.88,8.37,8.53,8.53,20579300
7/24/2020,8.14,8.74,7.92,8.52,8.52,19477500
7/27/2020,8.53,8.69,8.13,8.35,8.35,15364300
7/28/2020,8.35,8.35,8.03,8.06,8.06,10326100
7/29/2020,8.11,8.28,7.97,8.19,8.19,11953500
7/30/2020,7.87,8.02,7.66,7.97,7.97,13539600
7/31/2020,8.13,8.13,7.07,7.71,7.71,15149900
8/3/2020,8.17,9.25,8.06,9.16,9.16,32474000
8/4/2020,9.23,9.3,8.77,9.13,9.13,18476800
8/5/2020,9.09,9.43,8.98,9.33,9.33,14883000
8/6/2020,10.15,11.48,10.11,10.73,10.73,72771500
8/7/2020,10.95,11.75,10.73,11.28,11.28,36683700
8/10/2020,11.96,12.2,11.54,12.04,12.04,31849800
8/11/2020,11.98,11.99,11.24,11.31,11.31,26250400
8/12/2020,10.49,10.72,10.11,10.63,10.63,64125800
8/13/2020,11.17,11.92,10.89,11.36,11.36,35522200
8/14/2020,11.34,11.78,11.26,11.4,11.4,22857000
8/17/2020,11.43,12.34,11.43,12.2,12.2,26003700
8/18/2020,12.35,12.93,12.08,12.77,12.77,28802300
8/19/2020,13.01,14.35,13,13.65,13.65,55208800
8/20/2020,13.98,13.99,12.87,13.67,13.67,34901200
8/21/2020,13.45,13.93,12.69,12.93,12.93,43700200
8/24/2020,13,13.27,11.81,12.34,12.34,37289600
8/25/2020,12.36,12.92,12.33,12.85,12.85,20871000
8/26/2020,12.88,13.72,12.78,13.05,13.05,31613800
8/27/2020,13.08,13.42,12.69,12.99,12.99,19234800
8/28/2020,13.1,13.17,12.7,13.07,13.07,14974200
8/31/2020,13.11,13.33,12.76,12.98,12.98,16437500
9/1/2020,13.05,14.2,12.78,14.13,14.13,29911800
9/2/2020,14,14.09,12.5,13.14,13.14,29099000
9/3/2020,12.88,13.11,11.5,11.55,11.55,32688500
9/4/2020,12.15,12.17,10.56,11.76,11.76,34206000
9/8/2020,11.31,12.25,11.11,11.73,11.73,25860400
9/9/2020,11.95,12.29,11.81,12.13,12.13,17737900
9/10/2020,12.22,12.55,11.98,12.12,12.12,22876400
9/11/2020,12.22,12.24,11.53,11.71,11.71,14346200
9/14/2020,11.85,12.28,11.78,12.24,12.24,12930300
9/15/2020,12.31,13.03,12.3,12.53,12.53,17643700
9/16/2020,12.66,13.09,12.57,12.94,12.94,16616600
9/17/2020,12.56,12.85,12.16,12.84,12.84,14264200
9/18/2020,12.82,13.64,12.7,13.56,13.56,27641900
9/21/2020,12.46,13.4,12.3,13.36,13.36,25096600
9/22/2020,13.25,13.33,12.56,12.93,12.93,19298900
9/23/2020,12.96,13.49,12.06,12.08,12.08,20589200
9/24/2020,11.86,12,10.92,11.24,11.24,31136300
9/25/2020,11.34,11.9,11.3,11.65,11.65,18824900
9/28/2020,12.53,13.38,12.45,13.2,13.2,34873400
9/29/2020,13.2,13.59,12.88,13.16,13.16,21752200
9/30/2020,13.27,13.7,12.87,13.41,13.41,23308200
10/1/2020,13.77,14.03,13.51,14,14,25740600
10/2/2020,13.38,14.29,13.27,14.14,14.14,23666100
10/5/2020,14.66,15.96,14.66,15.74,15.74,42027000
10/6/2020,16.030001,16.5,15.31,16.23,16.23,43963000
10/7/2020,16.530001,18.26,16.52,18.23,18.23,52296900
10/8/2020,19.02,19.02,17.43,17.879999,17.879999,54469100
10/9/2020,17.799999,18.889999,17.700001,18.43,18.43,34130200
10/12/2020,18.879999,18.889999,17.290001,17.639999,17.639999,38520100
10/13/2020,17.299999,17.559999,16.77,17.1,17.1,24070100
10/14/2020,17.4,17.83,17.110001,17.299999,17.299999,18204400
10/15/2020,16.82,17.16,16.469999,17.030001,17.030001,20686700
10/16/2020,17.48,17.48,16.139999,16.27,16.27,33157900
10/19/2020,16.17,16.700001,15.9,16.389999,16.389999,15712600
10/20/2020,16.440001,16.82,16.23,16.290001,16.290001,12508700
10/21/2020,16.25,16.4,14.81,14.86,14.86,26764600
10/22/2020,15.08,15.36,14.36,14.96,14.96,22490900
10/23/2020,15.17,15.39,14.73,15.03,15.03,20239000
10/26/2020,14.67,15.48,13.93,14.46,14.46,26502000
10/27/2020,14.75,15.24,14.33,14.79,14.79,21078300
10/28/2020,14.3,15.07,14.25,14.8,14.8,23203900
10/29/2020,14.92,15.03,14.39,14.81,14.81,16661300
10/30/2020,14.65,14.81,13.69,14,14,20807300
11/2/2020,14.4,15.5,13.92,15.47,15.47,32024300
11/3/2020,16.129999,17.4,15.87,16.950001,16.950001,56500800
11/4/2020,16.33,16.76,15.25,16.610001,16.610001,38066500
11/5/2020,17.65,18.879999,17.59,18.84,18.84,39553100
11/6/2020,18.5,19.1,17.76,18.860001,18.860001,31738900
11/9/2020,19.450001,21.889999,18.469999,20.309999,20.309999,56114000
11/10/2020,21.190001,21.610001,19.030001,20.01,20.01,39513500
11/11/2020,20.34,23,20.34,23,23,59408100
11/12/2020,22.85,24.26,21.93,23.450001,23.450001,53484400
11/13/2020,24.35,24.780001,22.24,23.43,23.43,45987100
11/16/2020,23.65,25.49,23.620001,25,25,46065400
11/17/2020,22.059999,23.379999,22,22.98,22.98,78945900
11/18/2020,23.370001,23.799999,22.559999,23.219999,23.219999,34965000
11/19/2020,23.67,24.870001,23.450001,23.790001,23.790001,44568000
11/20/2020,24.1,24.74,23.969999,24.360001,24.360001,24095100
11/23/2020,24.950001,27.02,24.74,26.870001,26.870001,45700300
11/24/2020,28.360001,28.700001,25.51,26.719999,26.719999,51677900
11/25/2020,25.799999,26.4,25.07,26.16,26.16,30996200
11/27/2020,26.99,27.780001,25.66,26.24,26.24,23115600
11/30/2020,27.33,27.35,23.51,26.389999,26.389999,33651300
12/1/2020,25.92,26.049999,23.75,24.469999,24.469999,32719200
12/2/2020,22.629999,24.799999,22.25,24.07,24.07,30650200
12/3/2020,24.34,24.73,23.809999,23.85,23.85,17686700
12/4/2020,24.27,24.93,23.950001,24.85,24.85,18433700
12/7/2020,25.4,25.98,24.440001,24.75,24.75,16997600
12/8/2020,25.01,29.49,24.92,28.74,28.74,69823100
12/9/2020,28.799999,29.690001,26.17,26.74,26.74,36201300
12/10/2020,26.5,28.110001,26.26,27.190001,27.190001,24464800
12/11/2020,27.08,27.85,26.219999,26.77,26.77,16732500
12/14/2020,27.190001,27.4,25.700001,25.700001,25.700001,16546400
12/15/2020,27.389999,29.309999,26.860001,28.469999,28.469999,49678700
12/16/2020,28.549999,28.77,27.4,28.459999,28.459999,22609100
12/17/2020,28.5,30.98,28.49,30.57,30.57,42578400
12/18/2020,30.530001,33.02,29.879999,31.629999,31.629999,52665500
12/21/2020,31.42,32.459999,30.459999,32.369999,32.369999,35161300
12/22/2020,34.41,36.740002,33.799999,35.689999,35.689999,51652500
12/23/2020,36.759998,37.110001,34.68,36.139999,36.139999,40179900
12/24/2020,35.709999,36.669998,34.75,35.580002,35.580002,19919300
12/28/2020,37.369999,37.509998,33.529999,33.57,33.57,35787800
